Timestamp,Source IP Address,Destination IP Address,Source Port,Destination Port,Protocol,Packet Length,Packet Type,Traffic Type,Payload Data,Malware Indicators,Anomaly Scores,Alerts/Warnings,Attack Type,Attack Signature,Action Taken,Severity Level,User Information,Device Information,Network Segment,Geo-location Data,Proxy Information,Firewall Logs,IDS/IPS Alerts,Log Source,IF_Anomaly,IF_Anomaly_Score,DBSCAN_Cluster
2020-02-14 12:32:11,144.35.251.141,10.198.80.86,6412,62809,UDP,91,Data,DNS,"Eius maiores eligendi sed. Accusantium aliquid ex sunt. Distinctio earum aut dolorem.
Corporis dignissimos animi soluta voluptate harum. Aliquid modi fuga magni est magni corrupti.",,1.99,,Malware,Known Pattern A,Ignored,Medium,Ritvik Kaur,Mozilla/5.0 (X11; Linux x86_64; rv:1.9.6.20) Gecko/9196-01-08 01:14:54 Firefox/12.0,Segment C,"Jabalpur, Punjab",,Log Data,,Server,-1,0.6312371190113961,-1
2023-03-06 08:16:00,146.86.37.75,87.154.89.187,61711,64927,ICMP,210,Control,DNS,Repellendus illum illum alias. Voluptate tempore laborum delectus aut rem tempore. Architecto neque placeat molestiae sint sint sapiente debitis.,,0.93,,DDoS,Known Pattern A,Logged,Medium,Ira Sahni,Mozilla/5.0 (compatible; MSIE 5.0; Windows NT 5.2; Trident/3.1),Segment A,"Madanapalle, Nagaland",,Log Data,,Firewall,-1,0.627619797541113,-1
2021-09-01 12:32:09,148.17.174.221,79.63.210.31,59564,62542,ICMP,1473,Control,DNS,Porro rem maxime fugit sint consequuntur ea. Ad deserunt velit voluptas. Iste voluptates expedita.,IoC Detected,1.78,,Intrusion,Known Pattern B,Logged,Medium,Hunar Kota,Mozilla/5.0 (compatible; MSIE 9.0; Windows 95; Trident/5.1),Segment C,"Tinsukia, Tamil Nadu",201.88.121.155,,,Server,-1,0.6266438650896038,-1
2021-09-03 11:15:05,5.214.202.29,1.172.215.189,2247,2416,ICMP,184,Data,DNS,"Nostrum quis optio facere fugit odit sit dolore. Unde aperiam consequatur quaerat sapiente.
Excepturi magnam eligendi qui consequuntur placeat placeat.",,3.79,Alert Triggered,Malware,Known Pattern A,Blocked,High,Elakshi Varkey,Opera/9.57.(X11; Linux i686; my-MM) Presto/2.9.172 Version/12.00,Segment A,"Thiruvananthapuram, Karnataka",144.44.182.137,Log Data,,Firewall,-1,0.6259272102856572,-1
2023-06-17 18:14:44,63.238.166.56,175.146.6.65,61576,61578,ICMP,1413,Data,DNS,Alias quod excepturi voluptates temporibus aspernatur quae. Ducimus ea dolores similique saepe ratione necessitatibus.,,97.75,Alert Triggered,Intrusion,Known Pattern A,Ignored,Medium,Tarini Yohannan,Mozilla/5.0 (Windows NT 5.01; cmn-TW; rv:1.9.2.20) Gecko/9745-08-16 00:34:41 Firefox/3.6.4,Segment A,"Rampur, Sikkim",171.111.220.104,,Alert Data,Server,-1,0.625568593886943,-1
2021-03-17 12:30:15,30.200.154.9,134.243.107.210,63798,62605,UDP,82,Control,HTTP,"Similique officiis eius adipisci beatae molestias.
Quo laudantium exercitationem iure rerum. Aliquid dolores maxime nihil quam. Doloremque molestias quod tempore in est.",IoC Detected,12.96,,Malware,Known Pattern A,Logged,High,Ehsaan Lall,"Mozilla/5.0 (Linux; Android 5.0.1) AppleWebKit/531.0 (KHTML, like Gecko) Chrome/53.0.809.0 Safari/531.0",Segment A,"Muzaffarpur, Uttarakhand",,Log Data,,Firewall,-1,0.624843056613224,-1
2023-06-30 05:24:25,95.29.8.230,83.91.245.211,4353,50259,UDP,85,Data,HTTP,Ipsa ex ullam hic reiciendis. Quam porro atque repellendus totam cupiditate.,,3.15,,DDoS,Known Pattern A,Blocked,Medium,Pihu Tata,Mozilla/5.0 (Windows CE; cmn-TW; rv:1.9.1.20) Gecko/7112-07-19 21:11:40 Firefox/3.8,Segment A,"Dharmavaram, Tamil Nadu",19.11.20.144,,Alert Data,Firewall,-1,0.6246991272333424,-1
2020-09-02 20:52:07,39.254.180.181,112.57.64.183,2453,1241,TCP,220,Data,HTTP,Rerum nobis sed optio est. Laborum nihil ex officiis dolore quod animi repellat.,IoC Detected,1.76,,DDoS,Known Pattern B,Logged,Medium,Vritika Dey,Mozilla/5.0 (Android 4.4.4; Mobile; rv:18.0) Gecko/18.0 Firefox/18.0,Segment C,"Kulti, Himachal Pradesh",,,,Server,-1,0.62199151271755,-1
2021-05-08 04:56:17,16.65.249.237,24.79.26.247,57819,10509,ICMP,107,Data,HTTP,Repellendus tempora rerum sed numquam vel accusantium. Sunt tempore ut ipsa vero sequi perspiciatis.,,1.33,Alert Triggered,DDoS,Known Pattern B,Ignored,High,Ishita Tella,Mozilla/5.0 (compatible; MSIE 7.0; Windows NT 6.2; Trident/5.0),Segment A,"Nashik, Assam",131.208.67.33,Log Data,,Firewall,-1,0.6215852507587784,-1
2023-06-30 11:22:05,205.0.197.181,141.91.193.179,5869,32146,ICMP,67,Control,DNS,"Corporis sunt pariatur optio. Quia excepturi veniam veniam beatae. Eos enim temporibus in.
Recusandae nisi magni fuga perspiciatis. Debitis voluptate repudiandae earum mollitia.",,0.91,,Intrusion,Known Pattern B,Ignored,High,Yuvraj  Tara,Opera/8.94.(Windows NT 10.0; bho-IN) Presto/2.9.166 Version/10.00,Segment B,"Bareilly, Kerala",,Log Data,Alert Data,Firewall,-1,0.621519662458255,-1
2022-11-01 08:23:24,81.144.126.34,71.149.41.56,3407,61511,ICMP,88,Control,HTTP,Aliquid reprehenderit totam voluptatum possimus beatae. Quas eos natus et iure cupiditate tempora.,,7.54,,Intrusion,Known Pattern A,Logged,High,Ivan Grewal,"Mozilla/5.0 (Windows; U; Windows NT 4.0) AppleWebKit/531.1.7 (KHTML, like Gecko) Version/5.1 Safari/531.1.7",Segment B,"Jhansi, Punjab",95.113.161.135,,Alert Data,Server,-1,0.6198701604077073,-1
2021-12-28 21:52:46,99.209.206.114,115.195.25.105,5958,2374,UDP,77,Control,HTTP,"Similique fugiat facilis veniam. Eius hic dolor assumenda repellat tempora tenetur.
Nemo quas cupiditate. Eveniet nesciunt eaque soluta. Eaque velit impedit sapiente similique ullam culpa.",,92.4,Alert Triggered,Intrusion,Known Pattern A,Ignored,High,Damini Madan,"Mozilla/5.0 (Windows; U; Windows NT 10.0) AppleWebKit/532.21.7 (KHTML, like Gecko) Version/4.0 Safari/532.21.7",Segment A,"Lucknow, West Bengal",,,,Firewall,-1,0.6197091224681183,-1
2022-07-13 23:43:22,27.9.172.21,7.6.248.54,7890,3498,ICMP,1437,Data,DNS,"Consectetur harum alias quod animi. Nemo dolore pariatur fugit.
Porro distinctio facilis. Quidem aliquid nulla earum tempora distinctio ratione iusto.",,0.58,,Malware,Known Pattern A,Ignored,High,Mannat Halder,"Mozilla/5.0 (Windows NT 5.2) AppleWebKit/535.2 (KHTML, like Gecko) Chrome/44.0.897.0 Safari/535.2",Segment C,"Kottayam, Karnataka",,Log Data,Alert Data,Firewall,-1,0.6193720938548338,-1
2021-01-27 17:44:48,101.66.193.186,145.119.5.94,46477,61157,ICMP,114,Control,HTTP,"Eos non nulla omnis exercitationem. Suscipit sint sed error at. Dignissimos enim quos nam tenetur.
Molestias exercitationem perferendis. Totam harum ducimus veritatis. Quasi aperiam provident.",IoC Detected,1.05,Alert Triggered,DDoS,Known Pattern A,Blocked,Medium,Gatik Sandhu,Opera/9.19.(Windows 98; gd-GB) Presto/2.9.163 Version/12.00,Segment C,"Tiruppur, Odisha",173.31.50.12,,,Firewall,-1,0.6190258454227435,-1
2023-07-20 11:10:04,183.213.133.217,209.151.162.157,1407,48333,ICMP,137,Data,DNS,"Cum est recusandae totam porro praesentium soluta. Quas consequatur vitae maxime.
Fugit molestiae aliquam natus. Blanditiis eum atque tenetur optio. Tempora commodi expedita explicabo.",,99.07,,DDoS,Known Pattern A,Logged,High,Mannat Shroff,Opera/9.16.(Windows NT 5.1; ps-AF) Presto/2.9.160 Version/11.00,Segment A,"Bhagalpur, Jharkhand",,,Alert Data,Server,-1,0.6187791819790855,-1
2020-02-22 13:13:12,34.100.56.182,17.214.75.99,4223,53885,ICMP,117,Control,DNS,Accusantium sequi laudantium ab similique. Distinctio dignissimos quae aperiam maxime et minima. Voluptates unde iste saepe aspernatur tenetur.,IoC Detected,2.72,,Intrusion,Known Pattern A,Ignored,High,Madhup Sengupta,Opera/8.52.(X11; Linux x86_64; as-IN) Presto/2.9.173 Version/11.00,Segment B,"Munger, Jharkhand",171.170.193.214,Log Data,,Server,-1,0.6184871815906163,-1
2020-01-15 19:02:01,28.160.209.44,110.245.202.100,1977,45542,ICMP,305,Data,HTTP,"Reprehenderit vel consequatur et. Accusantium velit facilis eaque.
Corporis soluta rerum quis dolores corrupti tempore. Ad ullam porro dolorum.
Officia est dolorum excepturi quibusdam dolore.",,0.89,,Intrusion,Known Pattern A,Ignored,High,Azad Hayer,"Mozilla/5.0 (iPod; U; CPU iPhone OS 4_3 like Mac OS X; ha-NG) AppleWebKit/535.1.6 (KHTML, like Gecko) Version/3.0.5 Mobile/8B119 Safari/6535.1.6",Segment B,"Nellore, Karnataka",,Log Data,Alert Data,Firewall,-1,0.6180784783842995,-1
2020-02-28 23:41:53,150.65.53.75,114.61.242.187,60740,8491,ICMP,72,Control,DNS,"Aliquam neque nisi ex excepturi culpa. At fugiat repellendus.
Fugit sint cupiditate. Itaque nam totam dignissimos ipsum. Voluptates nihil sint voluptates natus accusantium.",IoC Detected,1.31,,Malware,Known Pattern B,Ignored,High,Shanaya Sehgal,"Mozilla/5.0 (X11; Linux i686) AppleWebKit/536.2 (KHTML, like Gecko) Chrome/28.0.807.0 Safari/536.2",Segment C,"Allahabad, Himachal Pradesh",84.90.85.121,,Alert Data,Server,-1,0.6173711747057927,-1
2021-08-02 00:59:31,219.174.218.162,109.124.180.228,4862,25685,UDP,77,Data,DNS,"Omnis maiores tempore sunt. Laboriosam eligendi deserunt corrupti repellendus.
Ea fugiat consectetur adipisci quaerat assumenda animi. Voluptates eum nesciunt cum excepturi.",IoC Detected,97.99,Alert Triggered,Malware,Known Pattern A,Blocked,High,Shamik Bains,Mozilla/5.0 (compatible; MSIE 5.0; Windows NT 4.0; Trident/3.1),Segment B,"Jorhat, Haryana",112.147.39.218,Log Data,Alert Data,Firewall,-1,0.6172577868756755,-1
2022-04-09 23:06:07,198.232.144.77,43.9.214.104,2483,3910,ICMP,1001,Data,DNS,Soluta minima impedit voluptatibus aliquam. A facilis voluptas sapiente amet recusandae.,,3.44,,Intrusion,Known Pattern A,Ignored,Medium,Ela Balay,"Mozilla/5.0 (iPad; CPU iPad OS 5_1_1 like Mac OS X) AppleWebKit/536.0 (KHTML, like Gecko) CriOS/51.0.863.0 Mobile/23G938 Safari/536.0",Segment B,"New Delhi, West Bengal",67.133.99.10,,Alert Data,Firewall,-1,0.6168497326966307,-1
2022-11-15 21:28:39,72.77.224.73,164.153.45.59,2014,58834,ICMP,1360,Data,DNS,Magni eveniet tenetur alias dolor. Omnis reiciendis expedita praesentium. Voluptatem assumenda quidem fugiat quis eligendi. Alias maiores esse beatae.,,7.47,,DDoS,Known Pattern A,Ignored,High,Madhup Chokshi,Mozilla/5.0 (Windows CE; hr-HR; rv:1.9.2.20) Gecko/7943-04-08 19:55:01 Firefox/3.6.7,Segment B,"North Dumdum, Nagaland",158.142.16.221,Log Data,,Server,-1,0.6168484607043778,-1
2022-04-08 08:36:45,34.174.250.167,179.195.185.0,2445,13900,ICMP,102,Data,DNS,"Non iusto quidem consequuntur.
Ab suscipit quibusdam debitis id repellat. Voluptatem a ad nisi ducimus aspernatur tenetur.",,83.87,,DDoS,Known Pattern B,Ignored,High,Dhruv Ravel,"Mozilla/5.0 (Windows NT 5.01) AppleWebKit/532.2 (KHTML, like Gecko) Chrome/44.0.843.0 Safari/532.2",Segment C,"Jamnagar, Manipur",,,,Server,-1,0.616791557656399,-1
2020-11-14 07:03:27,204.9.108.72,148.44.186.144,6146,13168,ICMP,1449,Data,HTTP,"Praesentium eius aliquid omnis tempore atque.
Tempora ducimus ullam totam. Ad eaque quisquam sit. Non nisi accusamus sapiente aliquid totam.",IoC Detected,0.99,,Malware,Known Pattern B,Logged,High,Sahil Kala,Opera/9.53.(X11; Linux i686; bhb-IN) Presto/2.9.177 Version/12.00,Segment C,"Indore, Chhattisgarh",42.180.95.7,Log Data,,Server,-1,0.6165920514524602,-1
2023-03-25 10:14:45,138.57.145.42,143.40.160.16,5428,37886,ICMP,69,Data,DNS,"Voluptatem libero quos cum praesentium. Maxime sunt repellendus consequatur facilis sapiente.
Debitis rerum officiis minus porro facere maiores. Nesciunt quia dolore dolorem tempore maiores vitae.",IoC Detected,99.45,,Malware,Known Pattern A,Ignored,High,Vardaniya Banik,"Mozilla/5.0 (Windows; U; Windows NT 6.2) AppleWebKit/534.31.3 (KHTML, like Gecko) Version/4.0 Safari/534.31.3",Segment C,"Malda, Tripura",157.62.198.214,,Alert Data,Server,-1,0.6164851900534314,-1
2020-03-31 18:00:14,46.27.30.149,128.42.116.39,49005,3456,ICMP,108,Data,DNS,"Vel maxime ullam illo quidem pariatur laudantium. Porro aliquam voluptatem aspernatur sequi pariatur.
Magni inventore pariatur eligendi aut in fuga. Quos debitis dignissimos totam.",IoC Detected,95.8,,DDoS,Known Pattern A,Blocked,Medium,Kimaya Subramaniam,Opera/9.31.(X11; Linux x86_64; brx-IN) Presto/2.9.161 Version/11.00,Segment A,"Jorhat, Assam",,,Alert Data,Server,-1,0.6161853371020548,-1
2022-02-19 07:04:45,22.155.211.72,95.183.53.207,2429,61825,ICMP,1434,Data,FTP,Exercitationem molestiae pariatur ducimus maxime optio. Dignissimos consequatur veritatis minima animi laudantium.,,12.94,Alert Triggered,DDoS,Known Pattern A,Logged,Medium,Stuvan Mand,"Mozilla/5.0 (Linux; Android 6.0) AppleWebKit/532.1 (KHTML, like Gecko) Chrome/29.0.881.0 Safari/532.1",Segment A,"Jhansi, Jharkhand",178.104.21.203,,Alert Data,Server,-1,0.6158568732765595,-1
2023-09-03 12:14:03,77.3.125.253,85.179.233.65,4085,17357,UDP,68,Control,FTP,Magnam suscipit rerum necessitatibus magni. Quidem expedita vero sapiente quae. Deserunt consequatur consequuntur ipsa reprehenderit.,,97.88,,DDoS,Known Pattern A,Ignored,High,Mohanlal Sha,Mozilla/5.0 (Macintosh; PPC Mac OS X 10_5_8; rv:1.9.2.20) Gecko/3053-07-19 02:21:33 Firefox/3.8,Segment B,"Phagwara, Bihar",23.152.26.219,,,Firewall,-1,0.6155733428497526,-1
2023-07-26 21:08:19,68.209.139.74,89.112.134.2,51323,59993,ICMP,138,Control,DNS,Libero aliquam deserunt harum. Veniam nesciunt eaque. Aperiam exercitationem facere a commodi asperiores eaque.,,0.96,Alert Triggered,Intrusion,Known Pattern B,Logged,Medium,Indrajit Tandon,Opera/9.72.(Windows NT 5.1; cs-CZ) Presto/2.9.179 Version/12.00,Segment A,"Mahbubnagar, West Bengal",43.36.61.7,,Alert Data,Server,-1,0.61556108904338,-1
2022-04-19 01:25:09,219.199.209.139,47.121.124.32,2543,64078,UDP,1423,Data,HTTP,Ducimus officiis itaque omnis sunt. Cumque delectus praesentium rem quam deserunt omnis. Quas neque itaque nisi nemo.,,85.94,,DDoS,Known Pattern A,Ignored,High,Jayan Das,"Mozilla/5.0 (iPod; U; CPU iPhone OS 3_1 like Mac OS X; nhn-MX) AppleWebKit/533.11.3 (KHTML, like Gecko) Version/4.0.5 Mobile/8B115 Safari/6533.11.3",Segment B,"Davanagere, Maharashtra",194.83.91.194,Log Data,Alert Data,Server,-1,0.6150794131105157,-1
2020-03-16 22:31:38,37.239.39.127,71.176.103.158,4349,53157,UDP,1423,Control,HTTP,Quidem dolores voluptatibus laborum ducimus ducimus alias. Ex necessitatibus aut eos commodi dolor. Cum qui corrupti ea ratione veritatis. Temporibus quibusdam exercitationem doloribus.,,1.37,,DDoS,Known Pattern B,Logged,Medium,Ivana Bhavsar,"Mozilla/5.0 (Macintosh; Intel Mac OS X 10_6_5 rv:6.0; rw-RW) AppleWebKit/535.33.6 (KHTML, like Gecko) Version/5.0 Safari/535.33.6",Segment C,"Motihari, Arunachal Pradesh",,,Alert Data,Firewall,-1,0.615058120397282,-1
2023-08-08 03:47:45,78.55.223.136,62.16.200.18,3101,59623,ICMP,254,Control,DNS,"Voluptate reiciendis esse odio. Fugiat expedita delectus porro magni magnam.
Commodi in dolore magni itaque voluptatibus. Debitis quaerat quidem dolorum quas.",,4.44,Alert Triggered,DDoS,Known Pattern B,Ignored,Medium,Bhamini Vyas,"Mozilla/5.0 (Windows; U; Windows CE) AppleWebKit/531.48.7 (KHTML, like Gecko) Version/4.0.5 Safari/531.48.7",Segment A,"Bareilly, Tripura",197.224.235.240,,,Server,-1,0.6150405357386387,-1
2022-05-13 15:22:18,183.153.65.72,179.184.5.204,2960,65090,UDP,1495,Control,HTTP,"Non consequuntur rerum omnis aperiam. Assumenda eveniet a earum. Cum sit laborum modi dolore exercitationem.
Omnis quod sed.",,91.01,,Malware,Known Pattern B,Logged,Medium,Nirvaan Kala,"Mozilla/5.0 (Windows; U; Windows 95) AppleWebKit/533.2.7 (KHTML, like Gecko) Version/4.0 Safari/533.2.7",Segment A,"Buxar, Tamil Nadu",129.112.152.168,,,Firewall,-1,0.61486679031615,-1
2020-08-31 16:25:09,25.39.55.11,8.200.146.136,53880,59424,ICMP,64,Control,FTP,"In vel ipsam tempora. Aut eligendi vitae quam rem tempora.
Occaecati hic reiciendis. Fugiat nostrum assumenda. Pariatur ex temporibus aliquam est ipsa.",IoC Detected,98.97,Alert Triggered,DDoS,Known Pattern A,Ignored,Medium,Amani Thakkar,Opera/8.17.(X11; Linux i686; wo-SN) Presto/2.9.174 Version/11.00,Segment C,"Kota, Assam",137.103.214.37,,Alert Data,Server,-1,0.6148532733237138,-1
2022-04-06 04:28:04,7.193.16.236,146.23.242.155,2091,63260,UDP,1414,Control,HTTP,"Ratione omnis quo consequatur perferendis natus ab.
Libero quisquam dolorem officiis. Cumque natus reiciendis quod nostrum nulla earum. Accusantium iusto qui expedita non rem.",,7.4,,DDoS,Known Pattern A,Blocked,Low,Hridaan Seshadri,Mozilla/5.0 (compatible; MSIE 8.0; Windows NT 6.1; Trident/4.1),Segment A,"Darbhanga, Maharashtra",105.48.111.59,,,Server,-1,0.6147270555881402,-1
2023-10-06 09:21:28,134.245.47.176,43.174.225.214,51251,62776,UDP,118,Control,HTTP,Inventore architecto voluptatum error deleniti. Tempora pariatur ipsum nam. Unde delectus dolor eligendi totam est consequatur.,,6.08,Alert Triggered,Intrusion,Known Pattern B,Ignored,High,Dishani Sodhi,Opera/9.37.(X11; Linux i686; aa-DJ) Presto/2.9.185 Version/11.00,Segment C,"Yamunanagar, West Bengal",144.91.105.40,Log Data,Alert Data,Firewall,-1,0.6147186092365289,-1
2020-05-30 08:40:34,3.28.145.254,171.101.188.91,64210,24020,ICMP,95,Control,HTTP,Debitis nemo consequatur eos ullam temporibus. Recusandae laudantium perspiciatis. Quia atque libero repudiandae.,,97.63,,Malware,Known Pattern B,Blocked,High,Aradhya Grewal,Mozilla/5.0 (X11; Linux x86_64; rv:1.9.6.20) Gecko/4020-04-28 04:19:45 Firefox/11.0,Segment C,"Jaipur, Telangana",104.91.69.107,Log Data,,Firewall,-1,0.614657472364927,-1
2020-05-22 10:50:33,86.64.25.5,117.253.25.117,2560,40563,ICMP,369,Data,HTTP,Rem illum voluptas labore quidem veniam. Quasi qui perferendis sequi. Maxime accusantium voluptatum commodi at quis maiores.,,0.81,Alert Triggered,Intrusion,Known Pattern A,Ignored,High,Nitya Thaman,"Mozilla/5.0 (Linux; Android 4.0.1) AppleWebKit/531.2 (KHTML, like Gecko) Chrome/18.0.866.0 Safari/531.2",Segment C,"Vijayanagaram, Meghalaya",166.120.42.168,Log Data,,Firewall,-1,0.6146495522478617,-1
2023-01-22 20:32:16,56.144.47.22,4.167.253.76,2867,19443,UDP,78,Data,HTTP,"Sequi excepturi unde provident sunt reiciendis voluptatibus. Minima provident facere delectus.
Quasi nulla eaque repellat temporibus. Est ad fugiat eligendi eum iure nesciunt.",,98.41,Alert Triggered,Intrusion,Known Pattern A,Logged,High,Jayant Kurian,"Mozilla/5.0 (Windows; U; Windows NT 5.01) AppleWebKit/535.37.5 (KHTML, like Gecko) Version/4.0.2 Safari/535.37.5",Segment C,"Proddatur, Haryana",68.190.160.234,,,Server,-1,0.6144085499739078,-1
2020-11-09 20:19:10,207.142.50.154,153.190.45.113,61966,1652,UDP,105,Data,HTTP,"Porro alias rerum id laudantium provident.
Porro soluta veniam dignissimos. Vel commodi nemo in recusandae odio.",,97.61,,DDoS,Known Pattern A,Blocked,High,Rasha Samra,Mozilla/5.0 (Android 2.3.5; Mobile; rv:44.0) Gecko/44.0 Firefox/44.0,Segment C,"Bongaigaon, Rajasthan",155.149.42.83,,,Server,-1,0.6143235128935383,-1
2021-02-21 16:39:02,180.176.160.144,159.79.72.92,1910,52947,UDP,93,Control,DNS,Ipsam quos doloremque fugit ex dolorem. Magni ratione architecto et fugit porro. Sit veritatis repellendus.,IoC Detected,55.66,,DDoS,Known Pattern B,Ignored,High,Manikya Shukla,"Mozilla/5.0 (iPhone; CPU iPhone OS 10_3_3 like Mac OS X) AppleWebKit/534.1 (KHTML, like Gecko) CriOS/63.0.835.0 Mobile/48S356 Safari/534.1",Segment C,"Saharanpur, Goa",164.15.173.182,,,Firewall,-1,0.61414700932581,-1
2022-12-24 19:35:10,172.126.249.228,150.79.173.226,2004,1721,UDP,163,Control,HTTP,Occaecati cum nam vitae tenetur fuga repellendus. Ea harum perspiciatis odit voluptas quibusdam. Hic beatae fuga doloremque maxime a unde.,,93.56,,Intrusion,Known Pattern B,Ignored,Medium,Ritvik Bose,"Mozilla/5.0 (Macintosh; U; Intel Mac OS X 10_8_4 rv:6.0; gv-GB) AppleWebKit/535.1.4 (KHTML, like Gecko) Version/5.1 Safari/535.1.4",Segment A,"Panihati, Uttarakhand",21.77.117.164,,,Firewall,-1,0.6140275130489904,-1
2022-10-04 04:57:52,158.143.12.145,97.128.97.255,62193,60950,ICMP,99,Data,DNS,Molestias reprehenderit velit omnis molestiae voluptates voluptatum. Quisquam explicabo sit id velit perferendis.,,9.53,Alert Triggered,Malware,Known Pattern A,Ignored,Medium,Shamik Thaker,Mozilla/5.0 (Macintosh; Intel Mac OS X 10_7_4; rv:1.9.3.20) Gecko/2420-12-04 07:10:33 Firefox/3.6.3,Segment C,"Akola, Gujarat",5.202.239.7,,,Firewall,-1,0.6138016953546291,-1
2020-04-21 04:27:22,88.8.192.1,183.0.37.59,51275,4223,ICMP,75,Data,DNS,"Laborum repellat porro excepturi hic. Ab corrupti beatae ea.
Eveniet atque suscipit asperiores. Officiis sequi quam ex quam. Exercitationem impedit id consequatur voluptates.",IoC Detected,1.15,,Intrusion,Known Pattern B,Logged,High,Taimur Edwin,Opera/9.65.(Windows NT 6.0; tk-TM) Presto/2.9.181 Version/12.00,Segment A,"Hospet, Tripura",108.160.180.59,Log Data,,Firewall,-1,0.613792449670133,-1
2023-04-05 22:27:14,16.1.0.39,78.191.203.136,1172,61867,ICMP,418,Control,DNS,"Doloribus nihil placeat. Dolorem laudantium vel perspiciatis.
Suscipit odit autem molestias praesentium tempora. Facilis odio tenetur ad minima dicta eius.",,4.8,,Intrusion,Known Pattern A,Blocked,Low,Arnav Chakraborty,Opera/8.52.(Windows 98; Win 9x 4.90; bho-IN) Presto/2.9.183 Version/11.00,Segment C,"Durg, Mizoram",,,,Firewall,-1,0.6137475840798127,-1
2022-05-29 08:46:08,219.174.136.102,40.155.247.78,11088,5760,ICMP,1421,Control,DNS,"Cum ducimus delectus quidem sapiente voluptatem.
Praesentium quisquam distinctio unde voluptatum ducimus. Accusantium aut soluta maiores molestiae iure.",IoC Detected,1.97,Alert Triggered,Intrusion,Known Pattern B,Blocked,Medium,Akarsh Raval,Mozilla/5.0 (Windows NT 5.1; si-LK; rv:1.9.1.20) Gecko/9509-01-12 13:24:43 Firefox/3.8,Segment C,"Panchkula, Gujarat",,Log Data,Alert Data,Firewall,-1,0.6137308473747364,-1
2022-08-20 17:23:00,35.193.87.161,9.21.74.210,9701,2592,ICMP,1206,Data,HTTP,Quaerat vero veritatis ratione occaecati repudiandae possimus. Quod tempora rem hic quos.,IoC Detected,1.5,Alert Triggered,Intrusion,Known Pattern A,Blocked,Medium,Myra Ramaswamy,Mozilla/5.0 (Android 4.0.4; Mobile; rv:53.0) Gecko/53.0 Firefox/53.0,Segment A,"Tirupati, Karnataka",,Log Data,Alert Data,Server,-1,0.613726409890715,-1
2023-05-25 14:19:32,74.9.67.111,60.229.159.127,57457,55852,UDP,142,Control,HTTP,"Id excepturi debitis temporibus dolorem nam. Deserunt perspiciatis voluptate.
Ab beatae velit necessitatibus labore delectus. Labore quo minus officia.",,3.7,,DDoS,Known Pattern A,Blocked,Medium,Dharmajan Kohli,"Mozilla/5.0 (iPad; CPU iPad OS 14_2 like Mac OS X) AppleWebKit/531.2 (KHTML, like Gecko) CriOS/42.0.816.0 Mobile/02E757 Safari/531.2",Segment A,"Bihar Sharif, Maharashtra",,Log Data,Alert Data,Server,-1,0.6133419956792376,-1
2023-01-03 21:41:51,183.98.116.233,194.112.86.54,65127,7060,ICMP,1347,Data,DNS,Magnam possimus dolor consequuntur tempora. Magnam at alias quod ab ratione voluptatum. Inventore accusamus placeat facilis.,IoC Detected,99.95,,DDoS,Known Pattern A,Blocked,Low,Aniruddh Vig,Mozilla/5.0 (compatible; MSIE 8.0; Windows NT 5.0; Trident/5.1),Segment C,"Chinsurah, Goa",90.146.174.23,Log Data,,Server,-1,0.6133342007189366,-1
2021-05-21 01:52:39,161.19.108.242,210.181.204.16,27509,59919,UDP,76,Control,DNS,Aut ab error cum. Sapiente exercitationem iste harum dignissimos velit consequuntur. Aspernatur quasi nisi molestiae placeat eum.,IoC Detected,2.16,Alert Triggered,DDoS,Known Pattern B,Blocked,High,Abram Lal,"Mozilla/5.0 (Macintosh; U; Intel Mac OS X 10_5_6 rv:4.0; byn-ER) AppleWebKit/532.22.7 (KHTML, like Gecko) Version/4.1 Safari/532.22.7",Segment B,"Gandhidham, Telangana",198.136.223.241,Log Data,,Server,-1,0.6132724287012993,-1
2022-01-06 18:26:18,185.40.101.3,216.212.250.250,7577,9429,ICMP,1477,Control,DNS,Tenetur temporibus repellendus deserunt. Ratione deleniti quibusdam tempora sint reiciendis. Maiores perferendis reprehenderit nam vitae unde cumque.,IoC Detected,1.57,,Malware,Known Pattern A,Blocked,Medium,Aayush Chadha,Opera/9.59.(Windows NT 5.01; fr-CH) Presto/2.9.170 Version/12.00,Segment C,"Gudivada, Nagaland",,,,Server,-1,0.6130821139182911,-1
2022-05-22 11:49:21,18.102.20.250,36.9.141.138,4047,60646,ICMP,1400,Control,FTP,"Doloremque dolorem facilis veniam harum iste. Corrupti inventore alias alias.
Rem culpa exercitationem nemo at debitis ex. Fugiat dicta quidem commodi quaerat neque.",,2.13,,DDoS,Known Pattern B,Blocked,Medium,Yuvaan Ganesh,Mozilla/5.0 (compatible; MSIE 8.0; Windows NT 5.01; Trident/5.1),Segment B,"Naihati, Kerala",48.239.101.6,Log Data,,Firewall,-1,0.6130284246929307,-1
2021-03-26 09:31:47,49.74.60.66,161.89.121.181,60060,65051,ICMP,1336,Control,HTTP,"Ipsum numquam quod et. Voluptate reprehenderit nobis explicabo officia dolorem. A fuga quam sunt.
Id a molestias beatae ex. Quibusdam error ipsa tempora.",IoC Detected,1.4,,Malware,Known Pattern B,Logged,High,Kismat Hayre,Opera/9.72.(Windows 98; ca-FR) Presto/2.9.186 Version/12.00,Segment C,"Ranchi, Assam",190.47.173.189,,,Firewall,-1,0.6130198107933877,-1
2020-01-04 10:39:32,216.175.209.129,32.87.40.236,2698,55425,UDP,87,Control,DNS,"Nisi iure inventore quasi.
Possimus iste quasi repellendus placeat laboriosam. Molestias laborum molestias recusandae libero vitae illum.",,36.22,Alert Triggered,Intrusion,Known Pattern B,Blocked,High,Shalv Sarraf,Mozilla/5.0 (X11; Linux x86_64; rv:1.9.6.20) Gecko/6413-12-06 19:56:25 Firefox/3.6.11,Segment A,"Bhopal, Jharkhand",,Log Data,Alert Data,Server,-1,0.6129307855234523,-1
2021-06-29 13:41:04,50.158.183.242,178.208.92.120,50476,62938,ICMP,1366,Control,HTTP,"Molestiae vel inventore molestias inventore.
Distinctio consequatur impedit. Sint labore doloribus repellat ipsam rem. Aperiam magnam nemo necessitatibus.",,2.05,,Intrusion,Known Pattern A,Ignored,High,Hazel Vala,"Mozilla/5.0 (iPod; U; CPU iPhone OS 4_1 like Mac OS X; gd-GB) AppleWebKit/535.49.6 (KHTML, like Gecko) Version/3.0.5 Mobile/8B117 Safari/6535.49.6",Segment B,"Mango, Gujarat",161.44.240.160,,Alert Data,Server,-1,0.612889047075579,-1
2022-06-01 02:34:45,39.212.59.21,58.191.5.102,27743,64695,ICMP,1463,Data,DNS,"Fugit quo odit culpa nulla sapiente hic. Perspiciatis quo deleniti id dolore.
Error molestias similique esse sunt. Deserunt illo earum. Ab fugit ea.",,2.28,,Malware,Known Pattern A,Logged,Medium,Rati Ratti,Opera/8.85.(Windows NT 5.2; os-RU) Presto/2.9.172 Version/11.00,Segment A,"Dibrugarh, Meghalaya",,,,Server,-1,0.6127690468503543,-1
2020-11-12 09:41:32,13.160.248.163,102.229.235.99,3830,64217,UDP,148,Data,HTTP,Atque in accusamus quia quos fugit quibusdam ex.,IoC Detected,94.53,Alert Triggered,DDoS,Known Pattern A,Ignored,High,Himmat Sheth,"Mozilla/5.0 (iPod; U; CPU iPhone OS 3_0 like Mac OS X; ber-MA) AppleWebKit/533.2.5 (KHTML, like Gecko) Version/4.0.5 Mobile/8B119 Safari/6533.2.5",Segment A,"Nanded, Telangana",212.179.73.172,,,Firewall,-1,0.612723173350397,-1
2020-10-27 00:30:31,82.156.207.198,158.1.94.9,54901,60847,TCP,1455,Data,HTTP,Ipsam nemo cumque ex quo temporibus. Enim est eligendi quos quas eius eveniet. Et ipsum eveniet quos.,IoC Detected,0.59,,Intrusion,Known Pattern A,Blocked,Medium,Sahil Sankar,Opera/9.23.(Windows NT 5.01; brx-IN) Presto/2.9.183 Version/11.00,Segment B,"Kolhapur, Tripura",,Log Data,,Firewall,-1,0.6126516935105597,-1
2020-05-12 13:31:46,82.166.181.31,211.105.37.169,61850,20463,ICMP,128,Data,HTTP,Eius corporis soluta incidunt laboriosam minima. Et esse esse exercitationem officia qui culpa sapiente. Laudantium doloremque sunt molestiae qui sapiente pariatur.,IoC Detected,0.8,,Malware,Known Pattern A,Logged,High,Shaan Ghose,"Mozilla/5.0 (Macintosh; U; Intel Mac OS X 10_5_6 rv:3.0; tig-ER) AppleWebKit/535.4.4 (KHTML, like Gecko) Version/5.0.1 Safari/535.4.4",Segment C,"Madanapalle, Uttar Pradesh",125.231.71.173,Log Data,,Server,-1,0.6126386599520385,-1
2022-04-11 04:08:13,181.141.128.0,121.196.19.18,1235,19254,UDP,91,Data,HTTP,Perspiciatis quisquam asperiores. Sit laborum possimus ab tenetur recusandae unde id. Aperiam placeat minima fugiat quia repellendus.,IoC Detected,98.75,Alert Triggered,Intrusion,Known Pattern B,Ignored,High,Jhanvi Chakraborty,Mozilla/5.0 (compatible; MSIE 7.0; Windows 98; Trident/4.1),Segment A,"Bokaro, Telangana",147.127.75.27,Log Data,,Firewall,-1,0.6125794156955612,-1
2021-01-14 04:12:32,201.75.129.180,205.3.132.10,3604,5549,ICMP,1223,Control,DNS,"Ullam exercitationem eius commodi officia. Eligendi possimus inventore id at itaque ratione ipsum.
In id maiores recusandae delectus accusamus quia harum.",,0.55,,DDoS,Known Pattern A,Blocked,High,Veer Sarma,Mozilla/5.0 (compatible; MSIE 7.0; Windows CE; Trident/3.1),Segment C,"Sonipat, Mizoram",,Log Data,,Server,-1,0.6125297761249415,-1
2023-05-15 19:01:32,98.0.118.146,94.175.35.211,3287,44274,ICMP,175,Control,DNS,Ad aliquam omnis voluptas. Sunt cumque officia deleniti a illum officia.,,1.38,Alert Triggered,Intrusion,Known Pattern B,Ignored,High,Jayant Wali,"Mozilla/5.0 (Linux; Android 7.1.1) AppleWebKit/531.0 (KHTML, like Gecko) Chrome/39.0.825.0 Safari/531.0",Segment A,"Aligarh, Jharkhand",7.250.237.190,,,Firewall,-1,0.6123162601578026,-1
2022-06-20 08:15:42,55.173.32.98,156.22.67.121,61011,41073,UDP,176,Data,HTTP,"Vero doloribus amet veritatis pariatur. Iste dolorum eos.
Nisi sequi id maxime tempora. Eius natus omnis porro aut tempore error.",IoC Detected,0.1,Alert Triggered,DDoS,Known Pattern A,Logged,High,Samiha Chhabra,Opera/8.48.(Windows 98; hu-HU) Presto/2.9.187 Version/10.00,Segment A,"Alwar, Haryana",178.173.182.205,,Alert Data,Server,-1,0.6122725678051063,-1
2022-08-05 12:51:34,123.77.170.78,110.131.54.174,5871,44928,UDP,96,Control,DNS,Eum placeat optio. Quas labore ullam dolorem. Aperiam non ea esse voluptatum error eos mollitia.,,4.73,,DDoS,Known Pattern A,Blocked,High,Manjari Sarraf,"Mozilla/5.0 (X11; Linux i686) AppleWebKit/535.0 (KHTML, like Gecko) Chrome/18.0.805.0 Safari/535.0",Segment B,"Bhilwara, Chhattisgarh",214.218.224.85,Log Data,,Server,-1,0.6122014557191541,-1
2020-06-09 20:59:38,147.51.4.241,193.42.199.176,1563,63524,ICMP,214,Data,HTTP,Excepturi explicabo exercitationem rerum doloremque error ipsa. Officiis inventore repudiandae. Error incidunt optio.,,6.84,,DDoS,Known Pattern A,Blocked,Medium,Kiaan Kashyap,"Mozilla/5.0 (Windows; U; Windows NT 5.1) AppleWebKit/533.48.6 (KHTML, like Gecko) Version/5.0.2 Safari/533.48.6",Segment C,"Kulti, Haryana",103.56.200.228,Log Data,Alert Data,Firewall,-1,0.6119912002890207,-1
2021-01-15 11:20:04,40.190.188.107,185.169.2.151,2465,61634,ICMP,131,Data,DNS,Perferendis iusto quod mollitia dolor. Quisquam quam fugit alias cum voluptas.,IoC Detected,24.6,,DDoS,Known Pattern A,Logged,Medium,Manjari Khurana,Mozilla/5.0 (compatible; MSIE 9.0; Windows CE; Trident/4.0),Segment C,"Erode, Tripura",51.41.94.114,,Alert Data,Server,-1,0.6119861840964127,-1
2020-04-04 06:03:56,207.19.112.96,211.43.89.142,4179,58564,ICMP,1406,Data,DNS,In tenetur perspiciatis. Sequi pariatur repudiandae sed neque et eaque. Possimus ipsa molestias quae asperiores. Ipsam accusantium in voluptate illo occaecati.,,3.71,Alert Triggered,Intrusion,Known Pattern A,Blocked,Low,Shayak Dube,Mozilla/5.0 (X11; Linux x86_64; rv:1.9.5.20) Gecko/9042-07-30 23:20:44 Firefox/3.8,Segment A,"Baranagar, Meghalaya",46.193.162.195,Log Data,,Server,-1,0.6118035754383858,-1
2022-02-26 23:39:24,210.184.67.173,157.192.39.42,63158,63675,UDP,85,Control,HTTP,Reiciendis sequi ducimus laboriosam cumque libero iure nulla. Tempora voluptates tenetur dolore quidem similique sunt placeat.,IoC Detected,86.44,,DDoS,Known Pattern A,Ignored,Medium,Priyansh Bajaj,"Mozilla/5.0 (iPod; U; CPU iPhone OS 3_1 like Mac OS X; mg-MG) AppleWebKit/535.48.7 (KHTML, like Gecko) Version/4.0.5 Mobile/8B115 Safari/6535.48.7",Segment C,"Tumkur, Punjab",198.97.3.16,Log Data,Alert Data,Server,-1,0.6117974743930455,-1
2023-08-04 15:40:34,159.117.195.114,190.24.124.138,58762,2920,ICMP,169,Data,HTTP,Expedita consequatur nobis deserunt. Ipsam cumque commodi quo odit non velit. Adipisci quasi sed numquam.,,9.38,,Intrusion,Known Pattern A,Ignored,High,Tarini Doshi,"Mozilla/5.0 (iPad; CPU iPad OS 14_2_1 like Mac OS X) AppleWebKit/536.2 (KHTML, like Gecko) FxiOS/15.3l0427.0 Mobile/78E838 Safari/536.2",Segment A,"Tenali, Karnataka",106.40.248.186,Log Data,,Server,-1,0.611694381766173,-1
2022-05-29 09:29:50,73.162.206.250,73.201.71.6,63422,60576,TCP,1409,Data,DNS,"Quis itaque asperiores officiis perferendis. Facere hic eveniet quia eius dicta.
Ipsum voluptas accusantium quam dicta fugit magnam inventore.",IoC Detected,2.26,Alert Triggered,Malware,Known Pattern B,Blocked,Medium,Dhanuk Shankar,"Mozilla/5.0 (Windows; U; Windows NT 6.2) AppleWebKit/533.28.1 (KHTML, like Gecko) Version/5.0 Safari/533.28.1",Segment B,"Raipur, Nagaland",190.109.248.37,Log Data,Alert Data,Firewall,-1,0.6116937632323499,-1
2020-12-11 01:46:49,104.183.44.134,212.109.147.255,4606,28680,ICMP,81,Data,FTP,Impedit in nobis hic ducimus. Delectus consequatur rem saepe fuga perferendis voluptatem.,,98.67,,Malware,Known Pattern A,Blocked,Medium,Raghav Mall,Mozilla/5.0 (compatible; MSIE 9.0; Windows NT 5.01; Trident/4.1),Segment A,"Parbhani, Punjab",153.170.129.22,,Alert Data,Firewall,-1,0.6116722370571064,-1
2020-12-25 11:53:23,129.242.108.148,84.203.237.90,1361,62883,UDP,80,Control,FTP,Repudiandae quos facilis perspiciatis facere numquam. Rem quam incidunt natus eaque hic deserunt veniam. Occaecati velit perferendis quo quos.,,67.62,,Intrusion,Known Pattern A,Ignored,High,Jayant Shetty,"Mozilla/5.0 (Linux; Android 3.1) AppleWebKit/531.0 (KHTML, like Gecko) Chrome/23.0.834.0 Safari/531.0",Segment C,"Sultan Pur Majra, West Bengal",,Log Data,Alert Data,Firewall,-1,0.6116455344741822,-1
2022-12-18 16:56:17,51.80.138.75,35.5.123.92,1748,65323,ICMP,1373,Control,HTTP,"Amet sapiente adipisci enim vero eum. Iste tenetur pariatur voluptates.
Nostrum sapiente reprehenderit consectetur in quod. Vero necessitatibus illum.",,86.39,,Intrusion,Known Pattern A,Ignored,High,Aarna Sharaf,Mozilla/5.0 (compatible; MSIE 7.0; Windows NT 5.01; Trident/3.0),Segment B,"Nagpur, Gujarat",176.210.127.204,,Alert Data,Firewall,-1,0.6114855391121541,-1
2020-08-09 16:23:50,217.120.62.91,164.192.157.47,65273,62007,UDP,162,Control,DNS,Repellat nostrum enim quia debitis. Reprehenderit eaque autem delectus cum nostrum odio. Accusantium id consequuntur suscipit cum consequatur sed.,IoC Detected,79.79,Alert Triggered,Malware,Known Pattern B,Blocked,Medium,Himmat Dey,"Mozilla/5.0 (iPod; U; CPU iPhone OS 3_1 like Mac OS X; pap-AW) AppleWebKit/533.3.7 (KHTML, like Gecko) Version/4.0.5 Mobile/8B113 Safari/6533.3.7",Segment A,"Gurgaon, Meghalaya",35.130.118.121,Log Data,,Server,-1,0.6114238147533025,-1
2021-08-24 01:33:39,16.173.93.153,143.155.188.98,3644,61219,UDP,345,Control,HTTP,"Voluptates iure eum officia illo. Soluta dolore voluptate.
Consectetur voluptas soluta porro.
Excepturi dicta dignissimos animi quos expedita quisquam. Temporibus dignissimos illo quasi laboriosam.",IoC Detected,99.67,,Intrusion,Known Pattern B,Ignored,High,Myra Balasubramanian,Mozilla/5.0 (Windows NT 4.0; sd-PK; rv:1.9.2.20) Gecko/4249-04-07 07:54:35 Firefox/7.0,Segment C,"Kishanganj, West Bengal",144.129.77.32,,,Firewall,-1,0.6112787088109864,-1
2022-02-11 03:43:44,81.168.9.173,157.173.143.204,4127,14834,UDP,1480,Data,HTTP,Repellendus laudantium enim atque eveniet quo. Optio nemo cupiditate atque sapiente. Inventore sapiente quisquam quasi.,,0.18,Alert Triggered,Malware,Known Pattern A,Blocked,High,Umang Krishna,Mozilla/5.0 (compatible; MSIE 9.0; Windows NT 6.2; Trident/3.1),Segment B,"Tadepalligudem, Andhra Pradesh",65.136.179.82,Log Data,Alert Data,Firewall,-1,0.6112587503028816,-1
2020-10-06 00:07:09,83.113.43.158,53.198.114.137,2326,41605,ICMP,64,Control,DNS,Blanditiis modi amet. Tempora accusantium quis laudantium necessitatibus facere ab pariatur. Fuga corrupti voluptate in repellat dolorum.,,24.1,Alert Triggered,DDoS,Known Pattern A,Logged,High,Yuvraj  Dara,Opera/9.91.(X11; Linux x86_64; bho-IN) Presto/2.9.175 Version/12.00,Segment B,"Guna, Chhattisgarh",161.210.55.37,Log Data,,Server,-1,0.6111714945676412,-1
2022-03-20 09:48:44,200.53.114.86,25.74.4.230,1811,58426,ICMP,203,Control,DNS,"Consectetur consequuntur voluptatem. Voluptatem blanditiis quisquam ut velit.
Eveniet dignissimos deserunt iste. Quod voluptatum modi molestiae.",,47.51,Alert Triggered,Malware,Known Pattern B,Blocked,High,Nitara Arora,"Mozilla/5.0 (Windows NT 6.1) AppleWebKit/532.2 (KHTML, like Gecko) Chrome/37.0.829.0 Safari/532.2",Segment B,"Darbhanga, Bihar",137.119.89.63,,,Server,-1,0.6110733431490178,-1
2020-12-13 21:39:10,142.89.68.1,132.192.137.247,3650,64625,TCP,320,Data,DNS,"Dicta numquam commodi illum. Doloremque perspiciatis corrupti culpa.
A exercitationem nam adipisci corrupti. Assumenda vitae similique eius cupiditate. Nobis commodi molestiae.",IoC Detected,99.2,,DDoS,Known Pattern A,Logged,Medium,Khushi Thakur,Mozilla/5.0 (compatible; MSIE 5.0; Windows NT 5.0; Trident/4.1),Segment B,"Avadi, West Bengal",166.78.28.39,Log Data,,Server,-1,0.6109505527419343,-1
2020-01-03 00:54:00,69.75.57.137,218.13.66.93,3915,64833,UDP,233,Control,FTP,Repellendus iste harum vero aut dolorum odit. Tempore fugit aliquid ducimus tempore.,,97.65,Alert Triggered,Malware,Known Pattern B,Logged,High,Oorja Kaur,Mozilla/5.0 (X11; Linux i686; rv:1.9.6.20) Gecko/9511-11-30 19:07:51 Firefox/13.0,Segment A,"Gangtok, Punjab",55.145.44.177,Log Data,,Server,-1,0.6107584147024058,-1
2023-04-23 05:49:23,63.171.11.149,42.179.236.131,10991,65138,ICMP,99,Control,DNS,"Cumque ipsam quam aperiam sint. Voluptates dignissimos amet vitae nemo.
Laudantium temporibus eius perferendis laudantium dolore. Itaque ea nostrum harum maiores quos consequuntur quia.",,56.45,,DDoS,Known Pattern A,Ignored,High,Jhanvi Saran,"Mozilla/5.0 (Linux; Android 4.4.4) AppleWebKit/531.2 (KHTML, like Gecko) Chrome/56.0.891.0 Safari/531.2",Segment B,"Sikar, Tamil Nadu",64.250.167.21,Log Data,,Firewall,-1,0.6106655736015953,-1
2020-03-25 13:23:34,10.128.16.211,46.17.37.146,32898,64542,UDP,135,Control,HTTP,Voluptates blanditiis ea explicabo ut pariatur asperiores qui. Veritatis illo laboriosam voluptate iste accusantium nemo. Officia nostrum molestias incidunt ipsa molestias alias.,IoC Detected,98.95,,Malware,Known Pattern B,Logged,High,Ishita Bala,"Mozilla/5.0 (X11; Linux x86_64) AppleWebKit/535.0 (KHTML, like Gecko) Chrome/30.0.889.0 Safari/535.0",Segment A,"Loni, Himachal Pradesh",24.90.221.213,Log Data,Alert Data,Firewall,-1,0.610566971049896,-1
2020-04-18 15:42:10,47.214.231.37,218.204.112.94,6146,52850,UDP,119,Data,DNS,"Harum molestias deserunt ex modi voluptatibus inventore. Animi sapiente labore.
Quisquam at sed debitis odit amet magnam. A soluta culpa quae ex enim adipisci. Quis quaerat vitae eveniet.",,4.75,Alert Triggered,DDoS,Known Pattern B,Logged,High,Ela Sahota,"Mozilla/5.0 (Macintosh; Intel Mac OS X 10_11_7) AppleWebKit/534.2 (KHTML, like Gecko) Chrome/15.0.835.0 Safari/534.2",Segment B,"Bhimavaram, Goa",128.39.42.243,,,Firewall,-1,0.6105513357593799,-1
2021-01-26 17:46:19,75.68.35.117,33.76.79.53,3829,60803,ICMP,683,Data,FTP,"Necessitatibus odio harum et accusamus.
Alias ab sunt vitae atque esse. Fuga amet ut.
Laboriosam corporis asperiores cupiditate eum iure officiis. A eaque amet inventore suscipit illo necessitatibus.",,0.8,,Malware,Known Pattern B,Logged,Medium,Neysa Malhotra,Mozilla/5.0 (Windows 98; bn-IN; rv:1.9.2.20) Gecko/5821-01-28 15:07:22 Firefox/3.6.12,Segment B,"Tadipatri, Meghalaya",,Log Data,,Firewall,-1,0.6105279263346829,-1
2022-05-01 16:39:55,150.218.63.204,148.11.22.180,4893,54336,ICMP,131,Data,HTTP,Natus et architecto quaerat nihil repellat. Perferendis ad blanditiis asperiores repellat quibusdam.,,11.12,,Intrusion,Known Pattern A,Ignored,High,Ishaan Loke,"Mozilla/5.0 (Windows CE) AppleWebKit/533.2 (KHTML, like Gecko) Chrome/31.0.810.0 Safari/533.2",Segment C,"Satna, Andhra Pradesh",,Log Data,Alert Data,Firewall,-1,0.610442060187601,-1
2021-04-06 12:28:50,25.113.13.247,96.168.211.18,64637,61516,ICMP,153,Control,HTTP,Nostrum occaecati at. Officiis quisquam corporis asperiores facilis distinctio qui. Sunt excepturi architecto asperiores ipsum a ea. Adipisci quisquam at temporibus error veritatis eos.,IoC Detected,44.4,Alert Triggered,DDoS,Known Pattern A,Logged,High,Siya Roy,"Mozilla/5.0 (Linux; Android 4.2.1) AppleWebKit/536.0 (KHTML, like Gecko) Chrome/39.0.822.0 Safari/536.0",Segment A,"Madanapalle, Uttar Pradesh",,,Alert Data,Server,-1,0.6104405659722102,-1
2021-01-04 23:36:27,46.152.82.173,64.51.213.182,1777,12121,ICMP,290,Control,HTTP,"Illum ut iure sint. Fuga magni quis. Atque eligendi ipsam porro facilis.
Odit dicta debitis esse quia. Aspernatur modi repudiandae similique odit amet ipsam.",,98.75,Alert Triggered,Intrusion,Known Pattern A,Ignored,High,Drishya Suresh,Mozilla/5.0 (compatible; MSIE 7.0; Windows NT 5.1; Trident/5.1),Segment A,"Kolhapur, Assam",,,Alert Data,Server,-1,0.6103722285586822,-1
2021-03-26 21:08:12,65.121.156.110,197.50.64.163,5634,63986,UDP,209,Data,DNS,"Asperiores iusto cupiditate porro.
Quos minus dolor aspernatur veniam. Fugit quidem veniam voluptas commodi corrupti asperiores. Nam molestiae debitis iusto tempora ratione animi ex.",,1.11,,Malware,Known Pattern A,Logged,High,Ryan Warrior,Opera/9.23.(X11; Linux x86_64; ca-FR) Presto/2.9.186 Version/11.00,Segment C,"Bathinda, Odisha",,Log Data,Alert Data,Firewall,-1,0.6103408858676559,-1
2023-02-02 23:13:43,153.147.74.86,38.7.11.84,10801,64104,TCP,65,Data,HTTP,"Ab laborum aliquam a sequi.
Unde iure ipsum hic expedita nam. Tempora consequuntur nihil odit nostrum.
Itaque sit totam aspernatur. Laudantium repudiandae impedit veniam dolor quas earum.",,0.15,,Malware,Known Pattern B,Logged,High,Ishita Gera,Mozilla/5.0 (compatible; MSIE 5.0; Windows CE; Trident/3.1),Segment B,"Kakinada, Uttar Pradesh",,,Alert Data,Server,-1,0.6102862328946295,-1
2020-07-13 08:52:26,1.208.81.80,120.205.64.113,2401,63983,ICMP,243,Data,DNS,Maiores magni culpa mollitia aut cum impedit. Voluptatum amet modi aperiam itaque ipsam. Optio suscipit soluta aperiam. Minima sunt aperiam dicta suscipit eligendi.,,46.76,,DDoS,Known Pattern B,Blocked,Medium,Azad Tata,"Mozilla/5.0 (Windows NT 10.0) AppleWebKit/533.1 (KHTML, like Gecko) Chrome/27.0.860.0 Safari/533.1",Segment A,"Serampore, Odisha",,Log Data,,Firewall,-1,0.6102093795149615,-1
2021-01-27 23:52:00,69.119.170.89,47.229.243.173,10402,9111,ICMP,76,Control,HTTP,Deserunt possimus asperiores. Praesentium architecto dolore mollitia odit ipsa. Minus aut voluptatum doloribus ipsam facilis dolores.,,86.41,,DDoS,Known Pattern A,Logged,High,Hridaan Dhar,Opera/8.33.(Windows NT 4.0; ti-ER) Presto/2.9.190 Version/11.00,Segment A,"Pimpri-Chinchwad, Bihar",,,Alert Data,Firewall,-1,0.6101334285340104,-1
2021-09-24 00:44:12,73.175.51.9,161.140.151.70,2033,6444,ICMP,210,Data,DNS,"Cumque omnis debitis eveniet fugiat. Velit eos molestias veritatis accusantium aut nostrum. Voluptatem ullam doloremque.
Rerum cumque excepturi sint. Reiciendis magnam excepturi nostrum saepe neque.",,27.1,Alert Triggered,DDoS,Known Pattern A,Blocked,Medium,Tanya Rajagopal,"Mozilla/5.0 (Windows; U; Windows NT 4.0) AppleWebKit/533.17.5 (KHTML, like Gecko) Version/5.0.2 Safari/533.17.5",Segment C,"Sangli-Miraj & Kupwad, Himachal Pradesh",,,Alert Data,Server,-1,0.6099787514319632,-1
2020-11-06 05:00:53,56.222.42.170,210.38.51.27,4647,49456,UDP,64,Control,DNS,Impedit perferendis laborum fugit enim minima repudiandae qui. Explicabo magni ab magnam minima reiciendis et distinctio. Aperiam est dolor.,IoC Detected,21.31,,DDoS,Known Pattern B,Logged,High,Arnav Gola,Opera/8.68.(X11; Linux x86_64; pt-BR) Presto/2.9.186 Version/10.00,Segment B,"Shivpuri, Kerala",,Log Data,Alert Data,Firewall,-1,0.6099429936744254,-1
2021-12-24 17:28:50,182.67.7.53,23.200.42.45,2639,14130,UDP,215,Data,DNS,"Dolorum rerum fuga optio. Ipsa earum laborum culpa ea assumenda. Animi animi libero beatae.
Quibusdam quis quibusdam autem expedita. Accusantium vel aliquid iure.",IoC Detected,96.69,,DDoS,Known Pattern B,Blocked,Medium,Nayantara Tella,"Mozilla/5.0 (iPad; CPU iPad OS 10_3_4 like Mac OS X) AppleWebKit/533.1 (KHTML, like Gecko) FxiOS/9.9l7865.0 Mobile/02P213 Safari/533.1",Segment B,"Thrissur, Goa",,Log Data,Alert Data,Firewall,-1,0.6099378060288622,-1
2023-05-28 00:35:33,87.20.82.45,161.79.246.196,7640,1071,TCP,67,Data,DNS,"Sit soluta sapiente amet cum. Incidunt tenetur nemo neque odit. Sit incidunt voluptas.
Odit ab quod exercitationem eos sunt minima. Ut placeat quae. Culpa vel deleniti non.",IoC Detected,76.94,Alert Triggered,Intrusion,Known Pattern A,Logged,High,Ryan Baria,"Mozilla/5.0 (iPhone; CPU iPhone OS 10_3_3 like Mac OS X) AppleWebKit/535.1 (KHTML, like Gecko) FxiOS/11.1b2046.0 Mobile/38L134 Safari/535.1",Segment A,"Gurgaon, Manipur",,,,Firewall,-1,0.6099202620442659,-1
2021-08-05 14:59:10,139.226.108.193,131.186.138.55,1478,33437,ICMP,141,Control,DNS,Sit tenetur recusandae aperiam reprehenderit eius natus nobis. Quaerat veniam dolore nihil ad quas modi odio. Sequi id doloremque sint error quo.,,2.23,Alert Triggered,DDoS,Known Pattern B,Blocked,Low,Anvi Kara,Mozilla/5.0 (compatible; MSIE 5.0; Windows 95; Trident/3.1),Segment A,"Ajmer, Maharashtra",,Log Data,Alert Data,Firewall,-1,0.6098639270915123,-1
2020-05-17 02:26:25,215.154.95.19,71.243.213.254,4361,7527,UDP,91,Data,FTP,Optio non reprehenderit. Nesciunt est expedita sit deleniti inventore labore. Ipsam omnis earum ducimus veritatis ex reprehenderit.,,5.23,,Intrusion,Known Pattern B,Logged,High,Stuvan Rattan,Opera/8.58.(X11; Linux x86_64; ug-CN) Presto/2.9.162 Version/10.00,Segment A,"New Delhi, Haryana",,,Alert Data,Server,-1,0.6098487560754787,-1
2023-06-11 23:17:07,133.65.110.159,199.140.230.167,21362,56666,ICMP,154,Data,HTTP,Perferendis iusto molestiae saepe. Occaecati hic fugiat dolores.,,99.68,Alert Triggered,DDoS,Known Pattern B,Logged,High,Jayesh Hayer,Mozilla/5.0 (X11; Linux x86_64; rv:1.9.7.20) Gecko/3142-09-21 20:36:34 Firefox/4.0,Segment B,"Karnal, Maharashtra",9.238.211.206,Log Data,,Firewall,-1,0.6097663511004211,-1
2021-07-08 14:41:10,53.231.75.176,53.210.223.6,65128,56035,UDP,1391,Control,DNS,Nisi autem error explicabo provident commodi. Corrupti error inventore fuga sapiente hic excepturi. Deleniti rem dolorum iure.,,4.58,Alert Triggered,Malware,Known Pattern B,Ignored,Medium,Tiya Mammen,"Mozilla/5.0 (iPhone; CPU iPhone OS 9_3_5 like Mac OS X) AppleWebKit/535.0 (KHTML, like Gecko) CriOS/43.0.890.0 Mobile/92M366 Safari/535.0",Segment B,"Hapur, Arunachal Pradesh",,,Alert Data,Server,-1,0.6096094269406439,-1
2023-02-02 22:39:58,34.228.16.73,160.235.37.50,51173,63320,ICMP,1455,Control,HTTP,Perferendis dolore quos omnis. Deleniti aliquam alias deleniti enim maiores sed. Animi hic eos iusto facere modi.,IoC Detected,5.46,Alert Triggered,Intrusion,Known Pattern A,Blocked,High,Aaina Chanda,Opera/9.86.(Windows 95; is-IS) Presto/2.9.173 Version/11.00,Segment C,"Bidhannagar, Tripura",10.73.61.147,,,Server,-1,0.6095489047733492,-1
2020-01-03 22:10:49,8.182.28.62,190.87.81.225,63670,61782,TCP,1372,Control,HTTP,"Incidunt eveniet recusandae quidem.
Dolore ad nobis repellat magni nemo nemo. Sint esse id assumenda corporis alias. Velit temporibus natus illum cum voluptatum.",,0.99,Alert Triggered,Malware,Known Pattern B,Blocked,High,Kismat Bhatti,"Mozilla/5.0 (Windows; U; Windows NT 5.01) AppleWebKit/535.2.7 (KHTML, like Gecko) Version/4.1 Safari/535.2.7",Segment C,"Berhampore, Punjab",116.213.148.7,,,Firewall,-1,0.609540467571473,-1
